category	file	line	symbol_or_function
spipe_empty_examples	src/compiler/70.backend/linker/test/.spipe_wrapped_entry_lib_smf_format_spec.spl	3	
spipe_boolean_wrapper_assertions	src/compiler/70.backend/linker/test/.spipe_wrapped_entry_lib_smf_format_spec.spl	4	
spipe_empty_examples	src/compiler/70.backend/linker/test/.spipe_wrapped_entry_lib_smf_writer_spec.spl	3	
spipe_boolean_wrapper_assertions	src/compiler/70.backend/linker/test/.spipe_wrapped_entry_lib_smf_writer_spec.spl	4	
spipe_empty_examples	src/compiler/70.backend/linker/test/.spipe_wrapped_entry_object_resolver_spec.spl	3	
spipe_boolean_wrapper_assertions	src/compiler/70.backend/linker/test/.spipe_wrapped_entry_object_resolver_spec.spl	4	
spipe_empty_examples	src/compiler/70.backend/linker/test/.spipe_wrapped_entry_smf_reader_memory_spec.spl	3	
spipe_boolean_wrapper_assertions	src/compiler/70.backend/linker/test/.spipe_wrapped_entry_smf_reader_memory_spec.spl	4	
primitive_api	src/compiler/70.backend/codegen.spl	693	
primitive_api	src/compiler/70.backend/codegen.spl	702	
primitive_api	src/app/test_analysis/main.spl	309	
star_import	src/app/test_runner_new/test_db_core.spl	1	
star_import	src/app/svim/__init__.spl	1	svim public facade
star_import	src/app/svim/core.spl	1	facade-style shared editor core
unnamed_duplicate_typed_args	src/lib/nogc_sync_mut/src/core/random.spl	2	
unnamed_duplicate_typed_args	src/lib/nogc_sync_mut/src/core/regex.spl	2	
unnamed_duplicate_typed_args	src/lib/nogc_sync_mut/src/exp/config.spl	2	
unnamed_duplicate_typed_args	src/lib/nogc_sync_mut/src/exp/query.spl	2	
unnamed_duplicate_typed_args	src/lib/nogc_sync_mut/src/exp/run.spl	2	
wrong_shell_import	src/lib/nogc_sync_mut/src/exp/sweep.spl	13	
unnamed_duplicate_typed_args	src/lib/nogc_sync_mut/src/exp/artifact.spl	2	
unnamed_duplicate_typed_args	src/lib/nogc_sync_mut/src/exp/storage.spl	2	
unnamed_duplicate_typed_args	src/lib/nogc_sync_mut/src/tensor/factory.spl	2	
star_import	src/lib/nogc_sync_mut/src/testing/mocking.spl	1	facade aggregator: imports submodule symbols for re-export
star_import	src/lib/nogc_sync_mut/src/testing/gpu_helpers.spl	1	facade aggregator: imports submodule symbols for re-export
unnamed_duplicate_typed_args	src/lib/nogc_sync_mut/src/tooling/easy_fix/rules.spl	2	
unnamed_duplicate_typed_args	src/lib/nogc_sync_mut/src/tooling/regex_utils.spl	2	
unnamed_duplicate_typed_args	src/lib/nogc_sync_mut/benchmark/compare.spl	2	
unnamed_duplicate_typed_args	src/lib/nogc_sync_mut/buffer/utilities.spl	2	
unnamed_duplicate_typed_args	src/lib/nogc_sync_mut/cache/utilities.spl	2	
unnamed_duplicate_typed_args	src/lib/nogc_sync_mut/cli/formatting.spl	2	
unnamed_duplicate_typed_args	src/lib/nogc_sync_mut/cli/standalone_parser.spl	2	
unnamed_duplicate_typed_args	src/lib/nogc_sync_mut/cli/utilities.spl	2	
unnamed_duplicate_typed_args	src/lib/nogc_sync_mut/database/test_extended/factory.spl	2	
unnamed_duplicate_typed_args	src/lib/nogc_sync_mut/database/atomic.spl	2	
unnamed_duplicate_typed_args	src/lib/nogc_sync_mut/database/feature_utils.spl	2	
unnamed_duplicate_typed_args	src/lib/nogc_sync_mut/dependency_tracker/visibility.spl	2	
unnamed_duplicate_typed_args	src/lib/nogc_sync_mut/dns/build.spl	2	
unnamed_duplicate_typed_args	src/lib/nogc_sync_mut/dns/types.spl	2	
unnamed_duplicate_typed_args	src/lib/nogc_sync_mut/env/variables.spl	2	
unnamed_duplicate_typed_args	src/lib/nogc_sync_mut/env/config.spl	2	
unnamed_duplicate_typed_args	src/lib/nogc_sync_mut/examples/testing/integration_example.spl	2	
star_import	src/lib/nogc_sync_mut/failsafe/circuit.spl	2	facade aggregator: imports submodule symbols for re-export
star_import	src/lib/nogc_sync_mut/failsafe/core.spl	1	facade aggregator: imports submodule symbols for re-export
star_import	src/lib/nogc_sync_mut/failsafe/panic.spl	1	facade aggregator: imports submodule symbols for re-export
star_import	src/lib/nogc_sync_mut/failsafe/ratelimit.spl	1	facade aggregator: imports submodule symbols for re-export
star_import	src/lib/nogc_sync_mut/failsafe/resource_monitor.spl	1	facade aggregator: imports submodule symbols for re-export
star_import	src/lib/nogc_sync_mut/failsafe/timeout.spl	1	facade aggregator: imports submodule symbols for re-export
unnamed_duplicate_typed_args	src/lib/nogc_sync_mut/ffi/dynamic_versioned.spl	1	
unnamed_duplicate_typed_args	src/lib/nogc_sync_mut/ffi/dynamic.spl	2	
unnamed_duplicate_typed_args	src/lib/nogc_sync_mut/ffi/spl_fonts.spl	2	
unnamed_duplicate_typed_args	src/lib/nogc_sync_mut/ffi/llvm.spl	2	
unnamed_duplicate_typed_args	src/lib/nogc_sync_mut/file_system/dir_ops.spl	2	
unnamed_duplicate_typed_args	src/lib/nogc_sync_mut/file_system/file_ops.spl	2	
unnamed_duplicate_typed_args	src/lib/nogc_sync_mut/file_system/path_ops.spl	2	
unnamed_duplicate_typed_args	src/lib/nogc_sync_mut/file_system/utilities.spl	2	
unnamed_duplicate_typed_args	src/lib/nogc_sync_mut/http/common.spl	2	
unnamed_duplicate_typed_args	src/lib/nogc_sync_mut/http/request.spl	2	
unnamed_duplicate_typed_args	src/lib/nogc_sync_mut/http/url.spl	2	
unnamed_duplicate_typed_args	src/lib/nogc_sync_mut/http/utilities.spl	2	
unnamed_duplicate_typed_args	src/lib/nogc_sync_mut/http_client/types.spl	2	
unnamed_duplicate_typed_args	src/lib/nogc_sync_mut/http_client/request.spl	2	
unnamed_duplicate_typed_args	src/lib/nogc_sync_mut/http_server/response.spl	2	
unnamed_duplicate_typed_args	src/lib/nogc_sync_mut/http_server/router.spl	2	
unnamed_duplicate_typed_args	src/lib/nogc_sync_mut/http_server/utilities.spl	2	
unnamed_duplicate_typed_args	src/lib/nogc_sync_mut/io/compress_ffi.spl	2	
unnamed_duplicate_typed_args	src/lib/nogc_sync_mut/io/crypto_ffi.spl	2	
unnamed_duplicate_typed_args	src/lib/nogc_sync_mut/io/env_ops.spl	2	
unnamed_duplicate_typed_args	src/lib/nogc_sync_mut/io/file_discovery.spl	2	
unnamed_duplicate_typed_args	src/lib/nogc_sync_mut/io/file_ops.spl	2	
unnamed_duplicate_typed_args	src/lib/nogc_sync_mut/io/http_ffi.spl	2	
unnamed_duplicate_typed_args	src/lib/nogc_sync_mut/io/profiler_simple.spl	2	
unnamed_duplicate_typed_args	src/lib/nogc_sync_mut/io/regex_ffi.spl	2	
unnamed_duplicate_typed_args	src/lib/nogc_sync_mut/io/regex_simple.spl	2	
unnamed_duplicate_typed_args	src/lib/nogc_sync_mut/io/vhdl_ffi.spl	2	
unnamed_duplicate_typed_args	src/lib/nogc_sync_mut/io/volatile_ops.spl	2	
unnamed_duplicate_typed_args	src/lib/nogc_sync_mut/io/mod_stub.spl	2	
unnamed_duplicate_typed_args	src/lib/nogc_sync_mut/mcp/jj/jj_runner.spl	2	
unnamed_duplicate_typed_args	src/lib/nogc_sync_mut/mcp/jj/main.spl	2	
unnamed_duplicate_typed_args	src/lib/nogc_sync_mut/mcp/jj/resources.spl	2	
unnamed_duplicate_typed_args	src/lib/nogc_sync_mut/mcp/jj/warning.spl	2	
unnamed_duplicate_typed_args	src/lib/nogc_sync_mut/mcp_sdk/core/errors.spl	2	
unnamed_duplicate_typed_args	src/lib/nogc_sync_mut/mcp_sdk/core/json.spl	2	
unnamed_duplicate_typed_args	src/lib/nogc_sync_mut/mcp_sdk/core/shell.spl	1	
unnamed_duplicate_typed_args	src/lib/nogc_sync_mut/mcp_sdk/server/builder.spl	2	
unnamed_duplicate_typed_args	src/lib/nogc_sync_mut/mcp_sdk/server/method_detect.spl	2	
unnamed_duplicate_typed_args	src/lib/nogc_sync_mut/mcp_sdk/server/pagination.spl	2	
unnamed_duplicate_typed_args	src/lib/nogc_sync_mut/mcp_sdk/server/router.spl	2	
star_import	src/lib/nogc_sync_mut/net/tcp.spl	1	facade aggregator: imports submodule symbols for re-export
star_import	src/lib/nogc_sync_mut/net/telnet.spl	2	facade aggregator: imports submodule symbols for re-export
star_import	src/lib/nogc_sync_mut/net/udp.spl	1	facade aggregator: imports submodule symbols for re-export
unnamed_duplicate_typed_args	src/lib/nogc_sync_mut/oauth/authorize.spl	2	
unnamed_duplicate_typed_args	src/lib/nogc_sync_mut/oauth/refresh.spl	2	
unnamed_duplicate_typed_args	src/lib/nogc_sync_mut/oauth/token.spl	2	
unnamed_duplicate_typed_args	src/lib/nogc_sync_mut/oauth/types.spl	2	
unnamed_duplicate_typed_args	src/lib/nogc_sync_mut/oauth/utilities.spl	2	
unnamed_duplicate_typed_args	src/lib/nogc_sync_mut/oauth/validate.spl	2	
unnamed_duplicate_typed_args	src/lib/nogc_sync_mut/platform/convert.spl	2	
unnamed_duplicate_typed_args	src/lib/nogc_sync_mut/platform/text_io.spl	2	
unnamed_duplicate_typed_args	src/lib/nogc_sync_mut/smtp/send.spl	2	
unnamed_duplicate_typed_args	src/lib/nogc_sync_mut/stomp/frame.spl	2	
unnamed_duplicate_typed_args	src/lib/nogc_sync_mut/stomp/message.spl	2	
unnamed_duplicate_typed_args	src/lib/nogc_sync_mut/tcp/connect.spl	2	
unnamed_duplicate_typed_args	src/lib/nogc_sync_mut/tcp/listen.spl	2	
unnamed_duplicate_typed_args	src/lib/nogc_sync_mut/tcp/socket.spl	2	
unnamed_duplicate_typed_args	src/lib/nogc_sync_mut/websocket/connection.spl	2	
unnamed_duplicate_typed_args	src/lib/nogc_sync_mut/websocket/frame.spl	2	
unnamed_duplicate_typed_args	src/lib/nogc_sync_mut/websocket/handshake.spl	2	
unnamed_duplicate_typed_args	src/lib/nogc_sync_mut/websocket/types.spl	2	
unnamed_duplicate_typed_args	src/lib/nogc_sync_mut/gpu_driver/mod.spl	2	
unnamed_duplicate_typed_args	src/lib/nogc_sync_mut/gpu_runtime/mod.spl	2	
star_import	src/lib/nogc_sync_mut/torch/dyn_ffi.spl	1	
unnamed_duplicate_typed_args	src/lib/nogc_sync_mut/sanitizer/tsan/mod.spl	2	
star_import	src/lib/nogc_sync_mut/debug/interpreter_backend.spl	1	
star_import	src/lib/nogc_sync_mut/debug/native_agent.spl	1	
star_import	src/lib/nogc_sync_mut/debug/smf_agent.spl	1	
star_import	src/lib/nogc_sync_mut/debug/coordinator.spl	1	facade aggregator: imports submodule symbols for re-export
unnamed_duplicate_typed_args	src/lib/nogc_sync_mut/package/semver_old.spl	2	
unnamed_duplicate_typed_args	src/lib/nogc_sync_mut/package/manifest.spl	2	
unnamed_duplicate_typed_args	src/lib/nogc_sync_mut/lsp/handlers/completion.spl	2	
unnamed_duplicate_typed_args	src/lib/nogc_sync_mut/lsp/handlers/definition.spl	2	
unnamed_duplicate_typed_args	src/lib/nogc_sync_mut/lsp/handlers/references.spl	2	
unnamed_duplicate_typed_args	src/lib/nogc_sync_mut/lsp/visibility.spl	1	
unnamed_duplicate_typed_args	src/lib/nogc_sync_mut/lsp/lsp_handlers.spl	2	
unnamed_duplicate_typed_args	src/lib/nogc_sync_mut/lsp/lsp_json.spl	2	
unnamed_duplicate_typed_args	src/lib/nogc_sync_mut/lsp/lsp_protocol.spl	2	
unnamed_duplicate_typed_args	src/lib/nogc_sync_mut/lsp/lsp_query.spl	2	
unnamed_duplicate_typed_args	src/lib/nogc_sync_mut/daemon_sdk/protocol.spl	2	
unnamed_duplicate_typed_args	src/lib/nogc_sync_mut/test_runner/sdoctest/discovery.spl	2	
unnamed_duplicate_typed_args	src/lib/nogc_sync_mut/test_runner/sdoctest/extractor.spl	2	
unnamed_duplicate_typed_args	src/lib/nogc_sync_mut/test_runner/sdoctest/glob.spl	2	
unnamed_duplicate_typed_args	src/lib/nogc_sync_mut/test_runner/sdoctest/runner.spl	2	
unnamed_duplicate_typed_args	src/lib/nogc_sync_mut/test_runner/checkpoint.spl	2	
unnamed_duplicate_typed_args	src/lib/nogc_sync_mut/test_runner/execution_strategy.spl	2	
unnamed_duplicate_typed_args	src/lib/nogc_sync_mut/test_runner/rust_test_runner.spl	2	
unnamed_duplicate_typed_args	src/lib/nogc_sync_mut/test_runner/test_db_compat.spl	2	
unnamed_duplicate_typed_args	src/lib/nogc_sync_mut/test_runner/test_executor_composite_jit_generic.spl	2	
unnamed_duplicate_typed_args	src/lib/nogc_sync_mut/test_runner/test_runner_async.spl	2	
unnamed_duplicate_typed_args	src/lib/nogc_sync_mut/test_runner/test_runner_db.spl	2	
unnamed_duplicate_typed_args	src/lib/nogc_sync_mut/test_runner/test_runner_main.spl	2	
star_import	src/lib/nogc_sync_mut/test_runner/doc_generator.spl	1	facade aggregator: imports submodule symbols for re-export
star_import	src/lib/nogc_sync_mut/test_runner/main.spl	1	facade aggregator: imports submodule symbols for re-export
star_import	src/lib/nogc_sync_mut/test_runner/runner_lifecycle.spl	1	facade aggregator: imports submodule symbols for re-export
unnamed_duplicate_typed_args, star_import	src/lib/nogc_sync_mut/test_runner/test_db_core.spl	2	
unnamed_duplicate_typed_args	src/lib/nogc_sync_mut/test_runner/test_runner_coverage.spl	2	
unnamed_duplicate_typed_args	src/lib/nogc_sync_mut/test_runner/test_executor_composite.spl	2	
unnamed_duplicate_typed_args	src/lib/nogc_sync_mut/test_runner/test_executor_parsing.spl	2	
star_import	src/lib/nogc_sync_mut/terminal/connection.spl	1	facade aggregator: imports submodule symbols for re-export
star_import	src/lib/nogc_sync_mut/terminal/relay_terminal.spl	2	facade aggregator: imports submodule symbols for re-export
star_import	src/lib/nogc_sync_mut/terminal/ssh_terminal.spl	1	facade aggregator: imports submodule symbols for re-export
star_import	src/lib/nogc_sync_mut/terminal/t32_swd_terminal.spl	1	facade aggregator: imports submodule symbols for re-export
star_import	src/lib/nogc_sync_mut/terminal/telnet_terminal.spl	1	facade aggregator: imports submodule symbols for re-export
unnamed_duplicate_typed_args	src/lib/nogc_sync_mut/amqp_utils.spl	2	
unnamed_duplicate_typed_args	src/lib/nogc_sync_mut/coverage.spl	2	
unnamed_duplicate_typed_args	src/lib/nogc_sync_mut/fuzz.spl	2	
unnamed_duplicate_typed_args	src/lib/nogc_sync_mut/glob.spl	2	
unnamed_duplicate_typed_args	src/lib/nogc_sync_mut/mcdc.spl	2	
unnamed_duplicate_typed_args	src/lib/nogc_sync_mut/process_monitor.spl	2	
unnamed_duplicate_typed_args	src/lib/nogc_sync_mut/message_transfer.spl	2	
star_import	src/lib/nogc_sync_mut/array.spl	1	facade aggregator: imports submodule symbols for re-export
unnamed_duplicate_typed_args	src/lib/nogc_sync_mut/config_parser.spl	2	
unnamed_duplicate_typed_args	src/lib/nogc_sync_mut/ftp_utils.spl	2	
star_import	src/lib/nogc_sync_mut/net.spl	1	facade aggregator: imports submodule symbols for re-export
unnamed_duplicate_typed_args	src/lib/nogc_sync_mut/log.spl	2	
star_import	src/lib/nogc_sync_mut/allocator.spl	1	
unnamed_duplicate_typed_args	src/lib/nogc_sync_mut/debugger.spl	2	
unnamed_duplicate_typed_args	src/lib/nogc_sync_mut/path.spl	3	
unnamed_duplicate_typed_args	src/lib/common/aes/cipher.spl	2	
unnamed_duplicate_typed_args	src/lib/common/aes/key_expansion.spl	2	
unnamed_duplicate_typed_args	src/lib/common/aes/modes.spl	2	
unnamed_duplicate_typed_args	src/lib/common/aes/utilities.spl	2	
unnamed_duplicate_typed_args	src/lib/common/ascii_art/charts.spl	2	
unnamed_duplicate_typed_args	src/lib/common/ascii_art/shapes.spl	2	
unnamed_duplicate_typed_args	src/lib/common/ascii_art/tables.spl	2	
unnamed_duplicate_typed_args	src/lib/common/ascii_art/text.spl	2	
unnamed_duplicate_typed_args	src/lib/common/avl_tree/utilities.spl	2	
unnamed_duplicate_typed_args	src/lib/common/base64/decode.spl	2	
unnamed_duplicate_typed_args	src/lib/common/base64/encode.spl	2	
unnamed_duplicate_typed_args	src/lib/common/base64/utilities.spl	2	
unnamed_duplicate_typed_args	src/lib/common/base_encoding/ascii85.spl	2	
unnamed_duplicate_typed_args	src/lib/common/base_encoding/base32.spl	2	
unnamed_duplicate_typed_args	src/lib/common/base_encoding/base64.spl	2	
unnamed_duplicate_typed_args	src/lib/common/bcrypt/hash.spl	2	
unnamed_duplicate_typed_args, star_import	src/lib/common/bcrypt/key_derivation.spl	2	
unnamed_duplicate_typed_args, star_import	src/lib/common/bcrypt/verify.spl	2	
star_import	src/lib/common/bcrypt/core.spl	1	facade aggregator: imports submodule symbols for re-export
star_import	src/lib/common/bcrypt/utilities.spl	1	
unnamed_duplicate_typed_args	src/lib/common/bcrypt/types.spl	2	
unnamed_duplicate_typed_args	src/lib/common/bloom_filter/add.spl	2	
unnamed_duplicate_typed_args	src/lib/common/bloom_filter/create.spl	2	
unnamed_duplicate_typed_args	src/lib/common/bloom_filter/merge.spl	2	
unnamed_duplicate_typed_args	src/lib/common/bloom_filter/query.spl	2	
star_import	src/lib/common/cbor/core.spl	1	facade aggregator: imports submodule symbols for re-export
star_import	src/lib/common/cbor/types.spl	1	facade aggregator: imports submodule symbols for re-export
star_import	src/lib/common/cbor/utilities.spl	1	facade aggregator: imports submodule symbols for re-export
unnamed_duplicate_typed_args, star_import	src/lib/common/cbor/decode.spl	2	
unnamed_duplicate_typed_args, star_import	src/lib/common/cbor/encode.spl	2	
unnamed_duplicate_typed_args	src/lib/common/cert/chain.spl	2	
unnamed_duplicate_typed_args	src/lib/common/cert/x509.spl	2	
unnamed_duplicate_typed_args	src/lib/common/collections/lazy_seq.spl	2	
unnamed_duplicate_typed_args	src/lib/common/color/blend.spl	2	
unnamed_duplicate_typed_args	src/lib/common/color/types.spl	2	
unnamed_duplicate_typed_args	src/lib/common/color/utilities.spl	2	
unnamed_duplicate_typed_args	src/lib/common/color/convert.spl	2	
unnamed_duplicate_typed_args	src/lib/common/color/manipulate.spl	2	
unnamed_duplicate_typed_args	src/lib/common/complex/exponential.spl	2	
unnamed_duplicate_typed_args	src/lib/common/complex/arithmetic.spl	2	
unnamed_duplicate_typed_args	src/lib/common/complex/utilities.spl	2	
unnamed_duplicate_typed_args, star_import	src/lib/common/compute/kernels.spl	2	
unnamed_duplicate_typed_args	src/lib/common/crypto/legacy_hash.spl	2	
unnamed_duplicate_typed_args	src/lib/common/crypto/sha256.spl	2	
unnamed_duplicate_typed_args	src/lib/common/crypto/sha512.spl	2	
unnamed_duplicate_typed_args	src/lib/common/crypto/utilities.spl	2	
unnamed_duplicate_typed_args	src/lib/common/crypto/constant_time.spl	2	
unnamed_duplicate_typed_args	src/lib/common/crypto/pbkdf2.spl	2	
unnamed_duplicate_typed_args	src/lib/common/crypto/hmac.spl	2	
unnamed_duplicate_typed_args	src/lib/common/csv/parse.spl	2	
unnamed_duplicate_typed_args	src/lib/common/csv/utilities.spl	2	
unnamed_duplicate_typed_args	src/lib/common/csv/transform.spl	2	
unnamed_duplicate_typed_args	src/lib/common/date/parse.spl	2	
unnamed_duplicate_typed_args	src/lib/common/date/calculate.spl	2	
unnamed_duplicate_typed_args	src/lib/common/date/types.spl	2	
unnamed_duplicate_typed_args	src/lib/common/diagnostics/i18n_context.spl	2	
unnamed_duplicate_typed_args	src/lib/common/diff/myers.spl	2	
unnamed_duplicate_typed_args	src/lib/common/diff/patch.spl	2	
unnamed_duplicate_typed_args	src/lib/common/diff/types.spl	2	
unnamed_duplicate_typed_args	src/lib/common/diff/utilities.spl	2	
unnamed_duplicate_typed_args	src/lib/common/fenwick_tree/range_ops.spl	2	
unnamed_duplicate_typed_args	src/lib/common/fenwick_tree/update.spl	2	
unnamed_duplicate_typed_args	src/lib/common/fenwick_tree/utilities.spl	2	
unnamed_duplicate_typed_args	src/lib/common/fft/fft.spl	2	
unnamed_duplicate_typed_args	src/lib/common/fft/utilities.spl	2	
unnamed_duplicate_typed_args	src/lib/common/fraction/arithmetic.spl	2	
unnamed_duplicate_typed_args	src/lib/common/fraction/compare.spl	2	
unnamed_duplicate_typed_args	src/lib/common/fraction/simplify.spl	2	
unnamed_duplicate_typed_args	src/lib/common/geometry/line.spl	2	
unnamed_duplicate_typed_args	src/lib/common/geometry/circle.spl	2	
unnamed_duplicate_typed_args	src/lib/common/geometry/point.spl	2	
unnamed_duplicate_typed_args	src/lib/common/geometry/utilities.spl	2	
unnamed_duplicate_typed_args	src/lib/common/graph/flow.spl	2	
unnamed_duplicate_typed_args	src/lib/common/graph/graph_advanced.spl	2	
unnamed_duplicate_typed_args	src/lib/common/graph/types.spl	2	
unnamed_duplicate_typed_args	src/lib/common/html/dom.spl	2	
unnamed_duplicate_typed_args	src/lib/common/html/lexer.spl	2	
unnamed_duplicate_typed_args	src/lib/common/html/parser.spl	2	
unnamed_duplicate_typed_args	src/lib/common/interval_tree/overlap.spl	2	
unnamed_duplicate_typed_args	src/lib/common/interval_tree/utilities.spl	2	
unnamed_duplicate_typed_args	src/lib/common/interval_tree/types.spl	2	
unnamed_duplicate_typed_args	src/lib/common/json/array_ops.spl	2	
unnamed_duplicate_typed_args	src/lib/common/json/path_ops.spl	2	
unnamed_duplicate_typed_args	src/lib/common/json/serializer.spl	2	
unnamed_duplicate_typed_args	src/lib/common/json/utilities.spl	2	
unnamed_duplicate_typed_args	src/lib/common/json/validation.spl	2	
unnamed_duplicate_typed_args	src/lib/common/jwt/claims.spl	2	
unnamed_duplicate_typed_args	src/lib/common/jwt/encode.spl	2	
unnamed_duplicate_typed_args	src/lib/common/jwt/sign.spl	2	
unnamed_duplicate_typed_args	src/lib/common/kd_tree/delete.spl	2	
unnamed_duplicate_typed_args	src/lib/common/kd_tree/insert.spl	2	
unnamed_duplicate_typed_args	src/lib/common/kd_tree/nearest_neighbor.spl	2	
unnamed_duplicate_typed_args	src/lib/common/kd_tree/range.spl	2	
unnamed_duplicate_typed_args	src/lib/common/kd_tree/utilities.spl	2	
unnamed_duplicate_typed_args	src/lib/common/kd_tree/build.spl	2	
unnamed_duplicate_typed_args	src/lib/common/kd_tree/types.spl	2	
unnamed_duplicate_typed_args	src/lib/common/linear_algebra/eigenvalues.spl	2	
unnamed_duplicate_typed_args	src/lib/common/linear_algebra/utilities.spl	2	
unnamed_duplicate_typed_args	src/lib/common/linear_algebra/matrix_ops.spl	2	
unnamed_duplicate_typed_args	src/lib/common/linear_algebra/vector_ops.spl	2	
unnamed_duplicate_typed_args	src/lib/common/locale/numbers.spl	2	
unnamed_duplicate_typed_args	src/lib/common/locale/collation.spl	2	
unnamed_duplicate_typed_args	src/lib/common/lz77/compress.spl	2	
unnamed_duplicate_typed_args	src/lib/common/lz77/match.spl	2	
unnamed_duplicate_typed_args	src/lib/common/markdown/inline.spl	2	
unnamed_duplicate_typed_args	src/lib/common/msgpack/types.spl	2	
unnamed_duplicate_typed_args	src/lib/common/numerical_methods/curve_fitting.spl	2	
unnamed_duplicate_typed_args	src/lib/common/numerical_methods/error_analysis.spl	2	
unnamed_duplicate_typed_args	src/lib/common/numerical_methods/integration.spl	2	
unnamed_duplicate_typed_args	src/lib/common/numerical_methods/interpolation.spl	2	
unnamed_duplicate_typed_args	src/lib/common/numerical_methods/differentiation.spl	2	
unnamed_duplicate_typed_args	src/lib/common/optimization/constrained.spl	2	
unnamed_duplicate_typed_args	src/lib/common/optimization/quasi_newton.spl	2	
unnamed_duplicate_typed_args	src/lib/common/optimization/conjugate_gradient.spl	2	
unnamed_duplicate_typed_args	src/lib/common/optimization/utilities.spl	2	
star_import	src/lib/common/parser/parser.spl	1	facade aggregator: imports submodule symbols for re-export
unnamed_duplicate_typed_args	src/lib/common/protobuf/message.spl	2	
unnamed_duplicate_typed_args	src/lib/common/protobuf/wire.spl	2	
unnamed_duplicate_typed_args	src/lib/common/protobuf/encode.spl	2	
unnamed_duplicate_typed_args	src/lib/common/regex/match.spl	2	
unnamed_duplicate_typed_args	src/lib/common/regex/replace.spl	2	
unnamed_duplicate_typed_args	src/lib/common/regex/utilities.spl	2	
unnamed_duplicate_typed_args	src/lib/common/regex_engine/dfa.spl	2	
unnamed_duplicate_typed_args	src/lib/common/regex_engine/matcher.spl	2	
unnamed_duplicate_typed_args	src/lib/common/regex_engine/nfa.spl	2	
unnamed_duplicate_typed_args	src/lib/common/rope/concat.spl	2	
unnamed_duplicate_typed_args	src/lib/common/rope/create.spl	2	
unnamed_duplicate_typed_args	src/lib/common/rope/modify.spl	2	
unnamed_duplicate_typed_args	src/lib/common/rope/search.spl	2	
unnamed_duplicate_typed_args	src/lib/common/rope/utilities.spl	2	
unnamed_duplicate_typed_args	src/lib/common/rsa/encrypt.spl	2	
unnamed_duplicate_typed_args	src/lib/common/rsa/types.spl	2	
unnamed_duplicate_typed_args	src/lib/common/rsa/modular.spl	2	
unnamed_duplicate_typed_args	src/lib/common/scrypt/pbkdf2.spl	2	
unnamed_duplicate_typed_args	src/lib/common/scrypt/salsa20.spl	2	
unnamed_duplicate_typed_args	src/lib/common/scrypt/scrypt.spl	2	
unnamed_duplicate_typed_args	src/lib/common/scrypt/types.spl	2	
unnamed_duplicate_typed_args	src/lib/common/scrypt/utilities.spl	2	
unnamed_duplicate_typed_args	src/lib/common/secure_random/generate.spl	2	
unnamed_duplicate_typed_args	src/lib/common/segment_tree/build.spl	2	
unnamed_duplicate_typed_args	src/lib/common/segment_tree/lazy.spl	2	
unnamed_duplicate_typed_args	src/lib/common/segment_tree/update.spl	2	
unnamed_duplicate_typed_args	src/lib/common/segment_tree/mod.spl	2	
unnamed_duplicate_typed_args	src/lib/common/segment_tree/query.spl	2	
unnamed_duplicate_typed_args	src/lib/common/segment_tree/utilities.spl	2	
unnamed_duplicate_typed_args	src/lib/common/serialization/utilities.spl	2	
unnamed_duplicate_typed_args	src/lib/common/signal_processing/analysis.spl	2	
unnamed_duplicate_typed_args	src/lib/common/signal_processing/filter.spl	2	
unnamed_duplicate_typed_args	src/lib/common/signal_processing/transform.spl	2	
unnamed_duplicate_typed_args	src/lib/common/signature/sign.spl	2	
unnamed_duplicate_typed_args	src/lib/common/signature/verify.spl	2	
unnamed_duplicate_typed_args	src/lib/common/signature/utilities.spl	2	
unnamed_duplicate_typed_args	src/lib/common/skip_list/insert.spl	2	
unnamed_duplicate_typed_args	src/lib/common/skip_list/search.spl	2	
unnamed_duplicate_typed_args	src/lib/common/sorting/advanced.spl	2	
unnamed_duplicate_typed_args	src/lib/common/sorting/special.spl	2	
unnamed_duplicate_typed_args	src/lib/common/statistics/correlation.spl	2	
unnamed_duplicate_typed_args	src/lib/common/statistics/inference.spl	2	
unnamed_duplicate_typed_args	src/lib/common/statistics/regression.spl	2	
unnamed_duplicate_typed_args	src/lib/common/statistics/descriptive.spl	2	
unnamed_duplicate_typed_args	src/lib/common/statistics/mod.spl	2	
unnamed_duplicate_typed_args	src/lib/common/statistics/utilities.spl	2	
unnamed_duplicate_typed_args	src/lib/common/suffix_tree/lcs.spl	2	
unnamed_duplicate_typed_args	src/lib/common/suffix_tree/utilities.spl	2	
unnamed_duplicate_typed_args	src/lib/common/template/render.spl	2	
unnamed_duplicate_typed_args	src/lib/common/tree/create.spl	2	
unnamed_duplicate_typed_args	src/lib/common/type/effects.spl	2	
unnamed_duplicate_typed_args	src/lib/common/uri/parse.spl	2	
unnamed_duplicate_typed_args	src/lib/common/uri/utilities.spl	2	
unnamed_duplicate_typed_args	src/lib/common/xml/dom.spl	2	
unnamed_duplicate_typed_args	src/lib/common/xml/parser.spl	2	
unnamed_duplicate_typed_args	src/lib/common/xml/types.spl	2	
unnamed_duplicate_typed_args	src/lib/common/xml/utilities.spl	2	
unnamed_duplicate_typed_args	src/lib/common/xml/xpath.spl	2	
unnamed_duplicate_typed_args	src/lib/common/yaml/serialize.spl	2	
unnamed_duplicate_typed_args	src/lib/common/yaml/utilities.spl	2	
star_import	src/lib/common/torch/dyn_ffi_ops.spl	1	
unnamed_duplicate_typed_args	src/lib/common/tooling/easy_fix/rules_compiler.spl	2	
unnamed_duplicate_typed_args	src/lib/common/tooling/easy_fix/rules_helpers.spl	2	
unnamed_duplicate_typed_args	src/lib/common/tooling/easy_fix/rules_structural.spl	2	
star_import	src/lib/common/tooling/easy_fix/rules.spl	2	facade aggregator: imports submodule symbols for re-export
unnamed_duplicate_typed_args	src/lib/common/pure/nn/attention.spl	2	
unnamed_duplicate_typed_args	src/lib/common/pure/nn/init.spl	2	
unnamed_duplicate_typed_args	src/lib/common/pure/nn/functional.spl	2	
unnamed_duplicate_typed_args	src/lib/common/pure/evaluator.spl	2	
unnamed_duplicate_typed_args	src/lib/common/pure/metrics.spl	2	
star_import	src/lib/common/pure/nn.spl	1	facade aggregator: imports submodule symbols for re-export
star_import	src/lib/common/pure/parser.spl	1	facade aggregator: imports submodule symbols for re-export
unnamed_duplicate_typed_args	src/lib/common/pure/training.spl	2	
unnamed_duplicate_typed_args	src/lib/common/pure/torch_ffi.spl	2	
unnamed_duplicate_typed_args	src/lib/common/mcp_helpers/mod.spl	2	
star_import	src/lib/common/encoding/mod.spl	1	
star_import	src/lib/common/unicode/mod.spl	1	
unnamed_duplicate_typed_args	src/lib/common/easy_fix_rules.spl	2	
unnamed_duplicate_typed_args	src/lib/common/search_utils.spl	2	
unnamed_duplicate_typed_args	src/lib/common/collection_helpers.spl	1	
star_import	src/lib/common/functions.spl	1	facade aggregator: imports submodule symbols for re-export
star_import	src/lib/common/set_utils.spl	1	facade aggregator: imports submodule symbols for re-export
unnamed_duplicate_typed_args	src/lib/common/text_advanced.spl	2	
unnamed_duplicate_typed_args	src/lib/common/math.spl	2	
unnamed_duplicate_typed_args	src/lib/common/bitwise_utils.spl	2	
unnamed_duplicate_typed_args	src/lib/common/chaos.spl	2	
unnamed_duplicate_typed_args	src/lib/common/combinatorics_utils.spl	2	
unnamed_duplicate_typed_args	src/lib/common/format_utils.spl	2	
unnamed_duplicate_typed_args	src/lib/common/hash_utils.spl	2	
unnamed_duplicate_typed_args	src/lib/common/mathjax.spl	2	
unnamed_duplicate_typed_args	src/lib/common/matrix_utils.spl	2	
unnamed_duplicate_typed_args	src/lib/common/random_utils.spl	2	
unnamed_duplicate_typed_args	src/lib/common/skiplist_stats.spl	2	
unnamed_duplicate_typed_args, star_import	src/lib/common/skiplist_utils.spl	2	
unnamed_duplicate_typed_args	src/lib/common/string_core.spl	2	
unnamed_duplicate_typed_args	src/lib/common/text.spl	2	
unnamed_duplicate_typed_args	src/lib/common/validation.spl	2	
unnamed_duplicate_typed_args	src/lib/common/math_repr.spl	2	
star_import	src/lib/common/encoding.spl	1	
star_import	src/lib/common/encoding_utils.spl	1	
primitive_api	src/lib/gc_async_mut/gpu/browser_engine/layout.spl	77	CSS/layout measurement: domain-native i32/u32/f32
primitive_api	src/lib/gc_async_mut/gpu/browser_engine/layout.spl	82	CSS/layout measurement: domain-native i32/u32/f32
primitive_api	src/lib/gc_async_mut/gpu/browser_engine/layout.spl	87	CSS/layout measurement: domain-native i32/u32/f32
primitive_api	src/lib/gc_async_mut/gpu/browser_engine/layout.spl	92	CSS/layout measurement: domain-native i32/u32/f32
primitive_api	src/lib/gc_async_mut/gpu/browser_engine/layout.spl	96	CSS/layout measurement: domain-native i32/u32/f32
primitive_api	src/lib/gc_async_mut/gpu/browser_engine/layout.spl	100	CSS/layout measurement: domain-native i32/u32/f32
primitive_api	src/lib/gc_async_mut/gpu/browser_engine/layout.spl	104	CSS/layout measurement: domain-native i32/u32/f32
primitive_api	src/lib/gc_async_mut/gpu/browser_engine/layout.spl	108	CSS/layout measurement: domain-native i32/u32/f32
primitive_api	src/lib/gc_async_mut/gpu/browser_engine/layout.spl	715	CSS/layout measurement: domain-native i32/u32/f32
primitive_api	src/lib/gc_async_mut/gpu/browser_engine/dom.spl	388	CSS/layout measurement: domain-native i32/u32/f32
primitive_api	src/lib/gc_async_mut/gpu/browser_engine/dom.spl	398	CSS/layout measurement: domain-native i32/u32/f32
primitive_api	src/lib/gc_async_mut/gpu/browser_engine/dom.spl	402	CSS/layout measurement: domain-native i32/u32/f32
primitive_api	src/lib/gc_async_mut/gpu/browser_engine/dom.spl	406	CSS/layout measurement: domain-native i32/u32/f32
primitive_api	src/lib/gc_async_mut/gpu/browser_engine/dom.spl	410	CSS/layout measurement: domain-native i32/u32/f32
primitive_api	src/lib/gc_async_mut/gpu/browser_engine/dom.spl	414	CSS/layout measurement: domain-native i32/u32/f32
primitive_api	src/lib/gc_async_mut/gpu/browser_engine/dom.spl	418	CSS/layout measurement: domain-native i32/u32/f32
primitive_api	src/lib/gc_async_mut/gpu/browser_engine/dom.spl	425	CSS/layout measurement: domain-native i32/u32/f32
primitive_api	src/lib/gc_async_mut/gpu/browser_engine/dom.spl	429	CSS/layout measurement: domain-native i32/u32/f32
primitive_api	src/lib/gc_async_mut/gpu/browser_engine/dom.spl	433	CSS/layout measurement: domain-native i32/u32/f32
primitive_api	src/lib/gc_async_mut/gpu/browser_engine/dom.spl	437	CSS/layout measurement: domain-native i32/u32/f32
primitive_api	src/lib/gc_async_mut/gpu/browser_engine/dom.spl	441	CSS/layout measurement: domain-native i32/u32/f32
primitive_api	src/lib/gc_async_mut/gpu/browser_engine/dom.spl	445	CSS/layout measurement: domain-native i32/u32/f32
primitive_api	src/lib/gc_async_mut/gpu/browser_engine/dom.spl	449	CSS/layout measurement: domain-native i32/u32/f32
primitive_api	src/lib/gc_async_mut/gpu/browser_engine/dom.spl	468	CSS/layout measurement: domain-native i32/u32/f32
primitive_api	src/lib/gc_async_mut/gpu/browser_engine/dom.spl	481	CSS/layout measurement: domain-native i32/u32/f32
primitive_api	src/lib/gc_async_mut/gpu/browser_engine/dom.spl	485	CSS/layout measurement: domain-native i32/u32/f32
primitive_api	src/lib/gc_async_mut/gpu/browser_engine/browser_renderer.spl	457	CSS/layout measurement: domain-native i32/u32/f32
primitive_api	src/lib/gc_async_mut/gpu/browser_engine/browser_renderer.spl	464	CSS/layout measurement: domain-native i32/u32/f32
primitive_api	src/lib/gc_async_mut/gpu/browser_engine/css.spl	270	CSS float code: domain-native i32 enum-as-int
primitive_api	src/lib/gc_async_mut/gpu/browser_engine/css.spl	274	CSS clear code: domain-native i32 enum-as-int
primitive_api	src/lib/gc_async_mut/gpu/browser_engine/css.spl	278	CSS outline width: domain-native i32 length in pixels
primitive_api	src/lib/gc_async_mut/gpu/browser_engine/css.spl	285	CSS outline color: domain-native u32 packed RGBA
primitive_api	src/lib/gc_async_mut/gpu/browser_engine/css.spl	289	CSS outline offset: domain-native i32 length in pixels
primitive_api	src/lib/gc_async_mut/gpu/browser_engine/css.spl	296	CSS/layout measurement: domain-native i32/u32/f32
primitive_api	src/lib/gc_async_mut/gpu/browser_engine/css.spl	304	CSS/layout measurement: domain-native i32/u32/f32
primitive_api	src/lib/gc_async_mut/gpu/browser_engine/css.spl	308	CSS/layout measurement: domain-native i32/u32/f32
primitive_api	src/lib/gc_async_mut/gpu/browser_engine/css.spl	315	CSS/layout measurement: domain-native i32/u32/f32
primitive_api	src/lib/gc_async_mut/gpu/browser_engine/css.spl	319	CSS/layout measurement: domain-native i32/u32/f32
primitive_api	src/lib/gc_async_mut/gpu/browser_engine/css.spl	323	CSS/layout measurement: domain-native i32/u32/f32
primitive_api	src/lib/gc_async_mut/gpu/browser_engine/css.spl	327	CSS/layout measurement: domain-native i32/u32/f32
primitive_api	src/lib/gc_async_mut/gpu/browser_engine/css.spl	331	CSS/layout measurement: domain-native i32/u32/f32
primitive_api	src/lib/gc_async_mut/gpu/browser_engine/css.spl	335	CSS/layout measurement: domain-native i32/u32/f32
primitive_api	src/lib/gc_async_mut/gpu/browser_engine/css.spl	339	CSS/layout measurement: domain-native i32/u32/f32
primitive_api	src/lib/gc_async_mut/gpu/browser_engine/css.spl	343	CSS/layout measurement: domain-native i32/u32/f32
primitive_api	src/lib/gc_async_mut/gpu/browser_engine/css.spl	365	CSS/layout measurement: domain-native i32/u32/f32
primitive_api	src/lib/gc_async_mut/gpu/browser_engine/css.spl	369	CSS/layout measurement: domain-native i32/u32/f32
primitive_api	src/lib/gc_async_mut/gpu/browser_engine/css.spl	376	CSS/layout measurement: domain-native i32/u32/f32
primitive_api	src/lib/gc_async_mut/gpu/browser_engine/css.spl	380	CSS/layout measurement: domain-native i32/u32/f32
primitive_api	src/lib/gc_async_mut/gpu/browser_engine/css.spl	384	CSS/layout measurement: domain-native i32/u32/f32
unnamed_duplicate_typed_args	src/lib/gc_async_mut/gpu_runtime/mod.spl	2	
star_import	src/lib/gc_async_mut/torch/dyn_ffi.spl	1	
unnamed_duplicate_typed_args	src/lib/gc_async_mut/io/metal_ffi.spl	1	
unnamed_duplicate_typed_args	src/lib/gc_async_mut/io/oneapi_ffi.spl	1	
unnamed_duplicate_typed_args	src/lib/gc_async_mut/io/cuda_ffi.spl	2	
unnamed_duplicate_typed_args	src/lib/gc_async_mut/io/rocm_ffi.spl	2	
unnamed_duplicate_typed_args	src/lib/gc_async_mut/svllm/model_executor/model_loader/safetensors.spl	2	
unnamed_duplicate_typed_args	src/lib/gc_async_mut/svllm/model_executor/model_loader/tensor_pack.spl	2	
unnamed_duplicate_typed_args	src/lib/gc_async_mut/gpu.spl	2	
unnamed_duplicate_typed_args	src/lib/nogc_async_mut/ml/async_training.spl	2	
star_import	src/lib/nogc_async_mut/torch/dyn_ffi.spl	1	
unnamed_duplicate_typed_args	src/lib/nogc_async_mut/mcp/handler_adapters/debug_adapter.spl	2	
unnamed_duplicate_typed_args	src/lib/nogc_async_mut/mcp/handler_adapters/debug_log_adapter.spl	2	
unnamed_duplicate_typed_args	src/lib/nogc_async_mut/mcp/handler_adapters/diag_adapter.spl	2	
unnamed_duplicate_typed_args	src/lib/nogc_async_mut/mcp/main_lazy_remote_test_tools.spl	1	
wrong_shell_import	src/lib/nogc_async_mut/mcp/protocol.spl	14	
unnamed_duplicate_typed_args	src/lib/nogc_async_mut/mcp/main_lazy_power_tools.spl	1	
unnamed_duplicate_typed_args	src/lib/nogc_async_mut/mcp/completions.spl	2	
unnamed_duplicate_typed_args	src/lib/nogc_async_mut/mcp/debug_eval.spl	2	
unnamed_duplicate_typed_args	src/lib/nogc_async_mut/mcp/debug_log_tools.spl	2	
unnamed_duplicate_typed_args	src/lib/nogc_async_mut/mcp/diag_core.spl	2	
unnamed_duplicate_typed_args	src/lib/nogc_async_mut/mcp/diag_edit_tools.spl	2	
unnamed_duplicate_typed_args	src/lib/nogc_async_mut/mcp/fileio_json.spl	2	
unnamed_duplicate_typed_args	src/lib/nogc_async_mut/mcp/fileio_protection.spl	2	
unnamed_duplicate_typed_args	src/lib/nogc_async_mut/mcp/fileio_simple.spl	2	
unnamed_duplicate_typed_args	src/lib/nogc_async_mut/mcp/helpers.spl	2	
unnamed_duplicate_typed_args	src/lib/nogc_async_mut/mcp/helpers_compat.spl	2	
unnamed_duplicate_typed_args	src/lib/nogc_async_mut/mcp/main_lazy.spl	2	
unnamed_duplicate_typed_args	src/lib/nogc_async_mut/mcp/main_lazy_debug_tools.spl	2	
unnamed_duplicate_typed_args	src/lib/nogc_async_mut/mcp/main_lazy_diag_tools.spl	2	
unnamed_duplicate_typed_args	src/lib/nogc_async_mut/mcp/main_lazy_json.spl	2	
unnamed_duplicate_typed_args	src/lib/nogc_async_mut/mcp/main_lazy_terminal_tools.spl	2	
unnamed_duplicate_typed_args	src/lib/nogc_async_mut/mcp/schema.spl	2	
unnamed_duplicate_typed_args	src/lib/nogc_async_mut/mcp/api_tools.spl	2	
star_import	src/lib/nogc_async_mut/mcp/editor.spl	1	facade aggregator: imports submodule symbols for re-export
unnamed_duplicate_typed_args	src/lib/nogc_async_mut/mcp/outline_renderer.spl	2	
star_import	src/lib/nogc_async_mut/mcp/session.spl	1	facade aggregator: imports submodule symbols for re-export
unnamed_duplicate_typed_args	src/lib/nogc_async_mut/mcp/main.spl	2	
unnamed_duplicate_typed_args	src/lib/nogc_async_mut/mcp/main_lazy_protocol.spl	2	
unnamed_duplicate_typed_args	src/lib/nogc_async_mut/llm/chat.spl	2	
unnamed_duplicate_typed_args	src/lib/nogc_async_mut/llm/claude_api.spl	2	
unnamed_duplicate_typed_args	src/lib/nogc_async_mut/llm/claude_cli.spl	2	
unnamed_duplicate_typed_args	src/lib/nogc_async_mut/llm/config.spl	2	
unnamed_duplicate_typed_args	src/lib/nogc_async_mut/llm/gemini_api.spl	2	
unnamed_duplicate_typed_args	src/lib/nogc_async_mut/llm/json_helpers.spl	2	
unnamed_duplicate_typed_args	src/lib/nogc_async_mut/llm/local_torch.spl	2	
unnamed_duplicate_typed_args	src/lib/nogc_async_mut/llm/openai_api.spl	2	
unnamed_duplicate_typed_args	src/lib/nogc_async_mut/llm/openai_compat.spl	2	
unnamed_duplicate_typed_args	src/lib/nogc_async_mut/llm/provider.spl	2	
star_import	src/lib/nogc_async_mut/async_host.spl	1	facade aggregator: imports submodule symbols for re-export
star_import	src/lib/nogc_async_mut/async_unified.spl	1	facade aggregator: imports submodule symbols for re-export
unnamed_duplicate_typed_args	src/lib/nogc_async_mut_noalloc/baremetal/arm/nvic.spl	2	
unnamed_duplicate_typed_args	src/lib/nogc_async_mut_noalloc/baremetal/common/test_harness.spl	2	
unnamed_duplicate_typed_args	src/lib/nogc_async_mut_noalloc/baremetal/riscv/test_support.spl	2	
unnamed_duplicate_typed_args	src/lib/nogc_async_mut_noalloc/baremetal/riscv/plic.spl	2	
unnamed_duplicate_typed_args	src/lib/nogc_async_mut_noalloc/baremetal/x86/idt.spl	2	
unnamed_duplicate_typed_args	src/lib/nogc_async_mut_noalloc/baremetal/x86/io.spl	2	
unnamed_duplicate_typed_args	src/lib/nogc_async_mut_noalloc/baremetal/x86/serial.spl	2	
unnamed_duplicate_typed_args	src/lib/nogc_async_mut_noalloc/baremetal/x86/semihost.spl	2	
unnamed_duplicate_typed_args	src/lib/nogc_async_mut_noalloc/baremetal/interrupt.spl	2	
unnamed_duplicate_typed_args	src/lib/nogc_async_mut_noalloc/baremetal/semihost_transport.spl	2	
unnamed_duplicate_typed_args	src/lib/nogc_async_mut_noalloc/baremetal/syscall.spl	2	
unnamed_duplicate_typed_args	src/lib/nogc_async_mut_noalloc/baremetal/system_api.spl	2	
unnamed_duplicate_typed_args	src/lib/nogc_async_mut_noalloc/memory/refc_binary.spl	1	
unnamed_duplicate_typed_args	src/lib/nogc_async_mut_noalloc/log/format.spl	2	
unnamed_duplicate_typed_args	src/lib/nogc_async_mut_noalloc/log/logger.spl	2	
unnamed_duplicate_typed_args	src/lib/nogc_async_mut_noalloc/math/mod.spl	2	
unnamed_duplicate_typed_args	src/lib/nogc_async_mut_noalloc/hash/mod.spl	2	
unnamed_duplicate_typed_args	src/lib/nogc_async_mut_noalloc/sort/mod.spl	2	
unnamed_duplicate_typed_args	src/lib/nogc_async_immut/persistent_map/hamt_node.spl	3	
unnamed_duplicate_typed_args	src/lib/nogc_async_immut/persistent_vec/rrb_node.spl	2	
unnamed_duplicate_typed_args	src/lib/nogc_async_immut/persistent_sorted_map/path_copy.spl	3	
unnamed_duplicate_typed_args	src/lib/nogc_async_immut/persistent_trie/trie_node.spl	3	
unnamed_duplicate_typed_args	src/lib/database/feature_utils.spl	2	
unnamed_duplicate_typed_args	src/lib/log.spl	19	
unnamed_duplicate_typed_args, star_import	src/lib/text.spl	2	
unnamed_duplicate_typed_args	src/compiler_rust/lib/std/examples/game_engine/physics_playground.spl	2	
primitive_api, bare_bool	src/compiler_rust/lib/std/src/cli/file.spl	10	
primitive_api	src/compiler_rust/lib/std/src/cli/file.spl	355	
primitive_api	src/compiler_rust/lib/std/src/cli/file.spl	360	
primitive_api	src/compiler_rust/lib/std/src/core/collections.spl	2	
primitive_api, bare_bool	src/compiler_rust/lib/std/src/core/json.spl	6	
primitive_api	src/compiler_rust/lib/std/src/core/json_serialize.spl	7	
primitive_api	src/compiler_rust/lib/std/src/core/json_serialize.spl	57	
primitive_api	src/compiler_rust/lib/std/src/core/json_serialize.spl	116	
primitive_api, bare_bool	src/compiler_rust/lib/std/src/core/random.spl	7	
primitive_api	src/compiler_rust/lib/std/src/core/random.spl	40	
primitive_api	src/compiler_rust/lib/std/src/core/random.spl	50	
primitive_api	src/compiler_rust/lib/std/src/core/random.spl	68	
primitive_api	src/compiler_rust/lib/std/src/core/random.spl	97	
primitive_api	src/compiler_rust/lib/std/src/core/random.spl	118	
primitive_api	src/compiler_rust/lib/std/src/core/random.spl	129	
primitive_api	src/compiler_rust/lib/std/src/core/random.spl	175	
primitive_api	src/compiler_rust/lib/std/src/core/random.spl	181	
primitive_api, bare_bool	src/compiler_rust/lib/std/src/data/json.spl	6	
primitive_api	src/compiler_rust/lib/std/src/file/mmap.spl	2	
primitive_api, bare_bool	src/compiler_rust/lib/std/src/file/context.spl	8	
primitive_api, bare_bool	src/compiler_rust/lib/std/src/file/__init__.spl	24	
primitive_api	src/compiler_rust/lib/std/src/host/common/io/color.spl	6	
primitive_api	src/compiler_rust/lib/std/src/host/common/io/term_types.spl	3	
primitive_api	src/compiler_rust/lib/std/src/host/common/io/term_types.spl	8	
primitive_api	src/compiler_rust/lib/std/src/host/common/io/types.spl	6	
primitive_api	src/compiler_rust/lib/std/src/host/common/io/mmap_common.spl	8	
primitive_api	src/compiler_rust/lib/std/src/host/common/io/mmap_common.spl	88	
primitive_api	src/compiler_rust/lib/std/src/host/common/io/mmap_common.spl	98	
primitive_api, bare_bool	src/compiler_rust/lib/std/src/host/common/io/file_ops_common.spl	8	
primitive_api	src/compiler_rust/lib/std/src/host/common/io/file_ops_common.spl	24	
primitive_api	src/compiler_rust/lib/std/src/host/common/io/file_ops_common.spl	46	
primitive_api	src/compiler_rust/lib/std/src/host/common/io/file_ops_common.spl	56	
primitive_api	src/compiler_rust/lib/std/src/host/common/io/file_ops_common.spl	69	
primitive_api	src/compiler_rust/lib/std/src/host/common/io/file_ops_common.spl	75	
primitive_api	src/compiler_rust/lib/std/src/host/common/io/file_ops_common.spl	101	
primitive_api	src/compiler_rust/lib/std/src/host/common/io/file_ops_common.spl	119	
primitive_api	src/compiler_rust/lib/std/src/host/common/io/file_ops_common.spl	149	
primitive_api	src/compiler_rust/lib/std/src/host/common/io/file_ops_common.spl	192	
primitive_api	src/compiler_rust/lib/std/src/host/common/io/file_ops_common.spl	202	
primitive_api	src/compiler_rust/lib/std/src/host/common/io/file_ops_common.spl	216	
primitive_api	src/compiler_rust/lib/std/src/host/common/io/file_ops_common.spl	229	
primitive_api	src/compiler_rust/lib/std/src/host/common/io/file_ops_common.spl	239	
primitive_api	src/compiler_rust/lib/std/src/host/common/io/file_ops_common.spl	252	
primitive_api	src/compiler_rust/lib/std/src/host/common/io/file_ops_common.spl	264	
primitive_api	src/compiler_rust/lib/std/src/host/common/io/fs_types.spl	6	
primitive_api	src/compiler_rust/lib/std/src/host/common/net/http_method.spl	2	
primitive_api, bare_bool	src/compiler_rust/lib/std/src/host/sync_nogc_mut/io/fs/ops.spl	6	
primitive_api	src/compiler_rust/lib/std/src/host/sync_nogc_mut/io/fs/ops.spl	113	
primitive_api, bare_bool	src/compiler_rust/lib/std/src/infra/file_io.spl	6	
primitive_api	src/compiler_rust/lib/std/src/infra/parallel.spl	2	
primitive_api	src/compiler_rust/lib/std/src/lms/error.spl	6	
primitive_api	src/compiler_rust/lib/std/src/lms/error.spl	34	
primitive_api	src/compiler_rust/lib/std/src/lms/error.spl	397	
primitive_api	src/compiler_rust/lib/std/src/lms/error.spl	406	
primitive_api	src/compiler_rust/lib/std/src/lms/transport.spl	6	
primitive_api	src/compiler_rust/lib/std/src/lms/transport.spl	81	
primitive_api	src/compiler_rust/lib/std/src/lms/transport.spl	88	
primitive_api	src/compiler_rust/lib/std/src/lms_simple/transport.spl	6	
primitive_api	src/compiler_rust/lib/std/src/lms_simple/error.spl	7	
primitive_api	src/compiler_rust/lib/std/src/lms_simple/error.spl	18	
primitive_api, bare_bool	src/compiler_rust/lib/std/src/mcp/core/logger.spl	9	
primitive_api	src/compiler_rust/lib/std/src/mcp/core/diagnostics.spl	7	
primitive_api, bare_bool	src/compiler_rust/lib/std/src/mcp/core/markdown.spl	6	
primitive_api	src/compiler_rust/lib/std/src/mcp/core/markdown.spl	280	
primitive_api	src/compiler_rust/lib/std/src/mcp/core/markdown.spl	465	
primitive_api, bare_bool	src/compiler_rust/lib/std/src/mcp/core/error_handler.spl	6	
primitive_api	src/compiler_rust/lib/std/src/mcp/core/error_handler.spl	39	
primitive_api	src/compiler_rust/lib/std/src/mcp/core/error_handler.spl	240	
primitive_api, bare_bool	src/compiler_rust/lib/std/src/mcp/core/protocol.spl	6	
primitive_api	src/compiler_rust/lib/std/src/mcp/core/protocol.spl	80	
primitive_api	src/compiler_rust/lib/std/src/mcp/core/protocol.spl	91	
primitive_api	src/compiler_rust/lib/std/src/mcp/core/protocol.spl	103	
primitive_api	src/compiler_rust/lib/std/src/mcp/core/protocol.spl	311	
primitive_api, bare_bool	src/compiler_rust/lib/std/src/mcp/core/logs.spl	7	
primitive_api	src/compiler_rust/lib/std/src/mcp/core/logs.spl	233	
primitive_api, bare_bool	src/compiler_rust/lib/std/src/mcp/core/safe_server.spl	7	
primitive_api	src/compiler_rust/lib/std/src/mcp/core/safe_server.spl	18	
primitive_api	src/compiler_rust/lib/std/src/mcp/core/safe_server.spl	120	
primitive_api, bare_bool	src/compiler_rust/lib/std/src/mcp/core/server.spl	6	
primitive_api	src/compiler_rust/lib/std/src/mcp/core/server.spl	18	
primitive_api	src/compiler_rust/lib/std/src/mcp/core/transport.spl	8	
primitive_api	src/compiler_rust/lib/std/src/mcp/core/transport.spl	40	
primitive_api	src/compiler_rust/lib/std/src/mcp/core/transport.spl	278	
primitive_api	src/compiler_rust/lib/std/src/mcp/lsp/mod.spl	16	
primitive_api	src/compiler_rust/lib/std/src/mcp/lsp/mod.spl	25	
primitive_api	src/compiler_rust/lib/std/src/mcp/multi_lang/__init__.spl	2	
primitive_api, bare_bool	src/compiler_rust/lib/std/src/mcp/simple_lang/types.spl	5	
primitive_api	src/compiler_rust/lib/std/src/mcp/simple_lang/coverage.spl	6	
primitive_api	src/compiler_rust/lib/std/src/mcp/simple_lang/coverage.spl	114	
primitive_api	src/compiler_rust/lib/std/src/mcp/simple_lang/coverage.spl	127	
primitive_api	src/compiler_rust/lib/std/src/mcp/simple_lang/coverage.spl	308	
primitive_api	src/compiler_rust/lib/std/src/mcp/simple_lang/coverage.spl	321	
primitive_api	src/compiler_rust/lib/std/src/mcp/simple_lang/parser.spl	5	
primitive_api	src/compiler_rust/lib/std/src/mcp/simple_lang/parser.spl	264	
primitive_api	src/compiler_rust/lib/std/src/mcp/simple_lang/symbol_table.spl	6	
primitive_api	src/compiler_rust/lib/std/src/mcp/simple_lang/symbol_table.spl	228	
primitive_api, bare_bool	src/compiler_rust/lib/std/src/mcp/simple_lang/dependencies.spl	7	
primitive_api	src/compiler_rust/lib/std/src/mcp/simple_lang/dependencies.spl	105	
primitive_api, bare_bool	src/compiler_rust/lib/std/src/mcp/simple_lang/formatter.spl	5	
primitive_api	src/compiler_rust/lib/std/src/mcp/simple_lang/formatter.spl	12	
primitive_api, bare_bool	src/compiler_rust/lib/std/src/mcp/mcp_transform.spl	5	
primitive_api	src/compiler_rust/lib/std/src/mcp/mcp_formatting.spl	6	
primitive_api	src/compiler_rust/lib/std/src/mcp/mcp_formatting.spl	75	
primitive_api	src/compiler_rust/lib/std/src/mcp/mcp_extended.spl	7	
primitive_api	src/compiler_rust/lib/std/src/mcp/mcp_extended.spl	103	
primitive_api	src/compiler_rust/lib/std/src/ml/torch/__init__.spl	4	
primitive_api	src/compiler_rust/lib/std/src/ml/torch/__init__.spl	99	
primitive_api	src/compiler_rust/lib/std/src/ml/torch/__init__.spl	104	
primitive_api	src/compiler_rust/lib/std/src/ml/torch/__init__.spl	115	
primitive_api	src/compiler_rust/lib/std/src/parser/treesitter/edits/__init__.spl	4	
primitive_api	src/compiler_rust/lib/std/src/parser/treesitter/edits/__init__.spl	137	
primitive_api, bare_bool	src/compiler_rust/lib/std/src/repl/__init__.spl	7	
primitive_api	src/compiler_rust/lib/std/src/repl/__init__.spl	18	
primitive_api	src/compiler_rust/lib/std/src/repl/__init__.spl	29	
primitive_api	src/compiler_rust/lib/std/src/repl/__init__.spl	46	
primitive_api	src/compiler_rust/lib/std/src/startup/__init__.spl	34	
primitive_api	src/compiler_rust/lib/std/src/startup/__init__.spl	68	
primitive_api, bare_bool	src/compiler_rust/lib/std/src/testing/helpers.spl	10	
primitive_api	src/compiler_rust/lib/std/src/testing/helpers.spl	41	
primitive_api	src/compiler_rust/lib/std/src/testing/helpers.spl	56	
primitive_api	src/compiler_rust/lib/std/src/testing/helpers.spl	143	
primitive_api	src/compiler_rust/lib/std/src/testing/helpers.spl	204	
primitive_api	src/compiler_rust/lib/std/src/testing/helpers.spl	224	
primitive_api	src/compiler_rust/lib/std/src/testing/helpers.spl	245	
primitive_api	src/compiler_rust/lib/std/src/testing/helpers.spl	305	
bare_bool	src/compiler_rust/lib/std/src/testing/fuzz.spl	7	
primitive_api	src/compiler_rust/lib/std/src/testing/fuzz.spl	78	
primitive_api	src/compiler_rust/lib/std/src/testing/fuzz.spl	126	
primitive_api	src/compiler_rust/lib/std/src/testing/fuzz.spl	136	
primitive_api	src/compiler_rust/lib/std/src/testing/fuzz.spl	154	
primitive_api, bare_bool	src/compiler_rust/lib/std/src/tooling/compiler/c.spl	6	
primitive_api	src/compiler_rust/lib/std/src/tooling/compiler/c.spl	18	
primitive_api, bare_bool	src/compiler_rust/lib/std/src/tooling/compiler/javascript.spl	6	
primitive_api	src/compiler_rust/lib/std/src/tooling/compiler/javascript.spl	18	
primitive_api	src/compiler_rust/lib/std/src/tooling/compiler/simple.spl	6	
primitive_api	src/compiler_rust/lib/std/src/tooling/compiler/simple.spl	13	
primitive_api, bare_bool	src/compiler_rust/lib/std/src/tooling/compiler/compiler_interface.spl	6	
primitive_api	src/compiler_rust/lib/std/src/tooling/compiler/compiler_interface.spl	158	
primitive_api, bare_bool	src/compiler_rust/lib/std/src/tooling/compiler/compiler_interface_impl.spl	6	
primitive_api	src/compiler_rust/lib/std/src/tooling/compiler/compiler_interface_impl.spl	80	
primitive_api, bare_bool	src/compiler_rust/lib/std/src/tooling/compiler/build_system.spl	6	
primitive_api	src/compiler_rust/lib/std/src/tooling/compiler/build_system.spl	18	
primitive_api	src/compiler_rust/lib/std/src/tooling/compiler/build_system.spl	279	
primitive_api	src/compiler_rust/lib/std/src/tooling/core/dependency.spl	6	
primitive_api	src/compiler_rust/lib/std/src/tooling/core/dependency.spl	675	
primitive_api, bare_bool	src/compiler_rust/lib/std/src/tooling/core/incremental.spl	6	
primitive_api	src/compiler_rust/lib/std/src/tooling/core/incremental.spl	16	
primitive_api	src/compiler_rust/lib/std/src/tooling/core/incremental.spl	493	
primitive_api, bare_bool	src/compiler_rust/lib/std/src/tooling/core/dependency_fetch.spl	7	
primitive_api	src/compiler_rust/lib/std/src/tooling/core/dependency_fetch.spl	226	
primitive_api	src/compiler_rust/lib/std/src/tooling/core/dependency_fetch.spl	479	
primitive_api, bare_bool	src/compiler_rust/lib/std/src/tooling/core/errors_reporting.spl	6	
primitive_api	src/compiler_rust/lib/std/src/tooling/core/errors_reporting.spl	15	
primitive_api, bare_bool	src/compiler_rust/lib/std/src/tooling/deployment/containers.spl	6	
primitive_api	src/compiler_rust/lib/std/src/tooling/deployment/containers.spl	357	
primitive_api, bare_bool	src/compiler_rust/lib/std/src/tooling/deployment/containers_build.spl	6	
primitive_api	src/compiler_rust/lib/std/src/tooling/deployment/containers_build.spl	23	
primitive_api	src/compiler_rust/lib/std/src/tooling/deployment/packaging_publish.spl	6	
primitive_api	src/compiler_rust/lib/std/src/tooling/deployment/versioning.spl	6	
primitive_api, bare_bool	src/compiler_rust/lib/std/src/tooling/deployment/optimization.spl	6	
primitive_api	src/compiler_rust/lib/std/src/tooling/deployment/optimization.spl	470	
primitive_api	src/compiler_rust/lib/std/src/tooling/deployment/packaging.spl	6	
primitive_api, bare_bool	src/compiler_rust/lib/std/src/tooling/deployment/bundling.spl	6	
primitive_api	src/compiler_rust/lib/std/src/tooling/deployment/bundling.spl	88	
primitive_api, bare_bool	src/compiler_rust/lib/std/src/tooling/deployment/packaging_build.spl	6	
primitive_api	src/compiler_rust/lib/std/src/tooling/deployment/packaging_build.spl	15	
primitive_api, bare_bool	src/compiler_rust/lib/std/src/tooling/deployment/bundling_ops.spl	6	
primitive_api	src/compiler_rust/lib/std/src/tooling/deployment/bundling_ops.spl	14	
primitive_api, bare_bool	src/compiler_rust/lib/std/src/tooling/deployment/templates.spl	6	
primitive_api	src/compiler_rust/lib/std/src/tooling/deployment/templates.spl	149	
primitive_api	src/compiler_rust/lib/std/src/tooling/deployment/pipeline.spl	330	
primitive_api	src/compiler_rust/lib/std/src/tooling/deployment/pipeline.spl	385	
primitive_api	src/compiler_rust/lib/std/src/tooling/deployment/pipeline.spl	446	
primitive_api, bare_bool	src/compiler_rust/lib/std/src/tooling/deployment/versioning_ops.spl	6	
primitive_api	src/compiler_rust/lib/std/src/tooling/deployment/versioning_ops.spl	159	
primitive_api	src/compiler_rust/lib/std/src/tooling/testing/aggregation.spl	6	
primitive_api, bare_bool	src/compiler_rust/lib/std/src/tooling/testing/runner.spl	6	
primitive_api	src/compiler_rust/lib/std/src/tooling/testing/runner.spl	23	
primitive_api, bare_bool	src/compiler_rust/lib/std/src/tooling/testing/filter.spl	6	
primitive_api	src/compiler_rust/lib/std/src/tooling/testing/filter.spl	13	
primitive_api	src/compiler_rust/lib/std/src/tooling/testing/filter.spl	401	
primitive_api, bare_bool	src/compiler_rust/lib/std/src/tooling/testing/coverage.spl	6	
primitive_api	src/compiler_rust/lib/std/src/tooling/testing/coverage.spl	171	
primitive_api, bare_bool	src/compiler_rust/lib/std/src/tooling/testing/discovery.spl	6	
primitive_api	src/compiler_rust/lib/std/src/tooling/testing/discovery.spl	72	
primitive_api, bare_bool	src/compiler_rust/lib/std/src/tooling/testing/validation.spl	15	
primitive_api	src/compiler_rust/lib/std/src/tooling/testing/validation.spl	31	
primitive_api	src/compiler_rust/lib/std/src/tooling/testing/validation.spl	76	
primitive_api	src/compiler_rust/lib/std/src/tooling/testing/validation.spl	190	
primitive_api, bare_bool	src/compiler_rust/lib/std/src/tooling/watch/watcher.spl	6	
primitive_api	src/compiler_rust/lib/std/src/tooling/watch/watcher.spl	69	
primitive_api	src/compiler_rust/lib/std/src/tooling/watch/watcher.spl	108	
primitive_api	src/compiler_rust/lib/std/src/tooling/watch/watcher.spl	188	
primitive_api, bare_bool	src/compiler_rust/lib/std/src/tooling/watch/reload_apply.spl	6	
primitive_api	src/compiler_rust/lib/std/src/tooling/watch/reload_apply.spl	13	
primitive_api	src/compiler_rust/lib/std/src/tooling/watch/reload_apply.spl	344	
primitive_api	src/compiler_rust/lib/std/src/tooling/watch/reload_apply.spl	394	
primitive_api, bare_bool	src/compiler_rust/lib/std/src/tooling/coverage.spl	13	
primitive_api	src/compiler_rust/lib/std/src/tooling/coverage.spl	57	
primitive_api	src/compiler_rust/lib/std/src/tooling/coverage.spl	71	
primitive_api	src/compiler_rust/lib/std/src/sys.spl	7	
primitive_api	src/compiler_rust/test/system/simple_basic/samples/21_units_public_api_negative.spl	1	Intentional: negative test for linter
primitive_api	src/os/kernel/abi/syscall_shim.spl	122	
primitive_api	src/os/kernel/abi/syscall_shim.spl	238	
primitive_api	src/os/kernel/abi/syscall_shim.spl	1334	
primitive_api	src/os/drivers/input/ps2_mouse.spl	1	
